{
    "country": [
        {
            "name": "Aland Islands",
            "code": "ax"
        },
        {
            "name": "Albania",
            "code": "al"
        },
        {
            "name": "Algeria",
            "code": "dz"
        },
        {
            "name": "American Samoa",
            "code": "as"
        },
        {
            "name": "Andorra",
            "code": "ad"
        },
        {
            "name": "Angola",
            "code": "ao"
        },
        {
            "name": "Anguilla",
            "code": "ai"
        },
        {
            "name": "Antarctica",
            "code": "aq"
        },
        {
            "name": "Antigua and Barbuda",
            "code": "ag"
        },
        {
            "name": "Argentina",
            "code": "ar"
        },
        {
            "name": "Armenia",
            "code": "am"
        },
        {
            "name": "Aruba",
            "code": "aw"
        },
        {
            "name": "Australia",
            "code": "au"
        },
        {
            "name": "Austria",
            "code": "at"
        },
        {
            "name": "Azerbaijan",
            "code": "az"
        },
        {
            "name": "Bahamas",
            "code": "bs"
        },
        {
            "name": "Bahrain",
            "code": "bh"
        },
        {
            "name": "Bangladesh",
            "code": "bd"
        },
        {
            "name": "Barbados",
            "code": "bb"
        },
        {
            "name": "Belarus",
            "code": "by"
        },
        {
            "name": "Belgium",
            "code": "be"
        },
        {
            "name": "Belize",
            "code": "bz"
        },
        {
            "name": "Benin",
            "code": "bj"
        },
        {
            "name": "Bermuda",
            "code": "bm"
        },
        {
            "name": "Bhutan",
            "code": "bt"
        },
        {
            "name": "Bolivia",
            "code": "bo"
        },
        {
            "name": "Bosnia and Herzegovina",
            "code": "ba"
        },
        {
            "name": "Botswana",
            "code": "bw"
        },
        {
            "name": "Bouvet Island",
            "code": "bv"
        },
        {
            "name": "Brazil",
            "code": "br"
        },
        {
            "name": "British Virgin Islands",
            "code": "vg"
        },
        {
            "name": "British Indian Ocean Territory",
            "code": "io"
        },
        {
            "name": "Brunei Darussalam",
            "code": "bn"
        },
        {
            "name": "Bulgaria",
            "code": "bg"
        },
        {
            "name": "Burkina Faso",
            "code": "bf"
        },
        {
            "name": "Burundi",
            "code": "bi"
        },
        {
            "name": "Cambodia",
            "code": "kh"
        },
        {
            "name": "Cameroon",
            "code": "cm"
        },
        {
            "name": "Canada",
            "code": "ca"
        },
        {
            "name": "Cape Verde",
            "code": "cv"
        },
        {
            "name": "Cayman Islands",
            "code": "ky"
        },
        {
            "name": "Central African Republic",
            "code": "cf"
        },
        {
            "name": "Chad",
            "code": "td"
        },
        {
            "name": "Chile",
            "code": "cl"
        },
        {
            "name": "China",
            "code": "cn"
        },
        {
            "name": "Hong Kong, SAR China",
            "code": "hk"
        },
        {
            "name": "Macao, SAR China",
            "code": "mo"
        },
        {
            "name": "Christmas Island",
            "code": "cx"
        },
        {
            "name": "Cocos (Keeling) Islands",
            "code": "cc"
        },
        {
            "name": "Colombia",
            "code": "co"
        },
        {
            "name": "Comoros",
            "code": "km"
        },
        {
            "name": "Congo (Brazzaville)",
            "code": "cg"
        },
        {
            "name": "Congo, (Kinshasa)",
            "code": "cd"
        },
        {
            "name": "Cook Islands",
            "code": "ck"
        },
        {
            "name": "Costa Rica",
            "code": "cr"
        },
        {
            "name": "Côte d'Ivoire",
            "code": "ci"
        },
        {
            "name": "Croatia",
            "code": "hr"
        },
        {
            "name": "Cuba",
            "code": "cu"
        },
        {
            "name": "Cyprus",
            "code": "cy"
        },
        {
            "name": "Czech Republic",
            "code": "cz"
        },
        {
            "name": "Denmark",
            "code": "dk"
        },
        {
            "name": "Djibouti",
            "code": "dj"
        },
        {
            "name": "Dominica",
            "code": "dm"
        },
        {
            "name": "Dominican Republic",
            "code": "do"
        },
        {
            "name": "Ecuador",
            "code": "ec"
        },
        {
            "name": "Egypt",
            "code": "eg"
        },
        {
            "name": "El Salvador",
            "code": "sv"
        },
        {
            "name": "Equatorial Guinea",
            "code": "gq"
        },
        {
            "name": "Eritrea",
            "code": "er"
        },
        {
            "name": "Estonia",
            "code": "ee"
        },
        {
            "name": "Ethiopia",
            "code": "et"
        },
        {
            "name": "Falkland Islands (Malvinas)",
            "code": "fk"
        },
        {
            "name": "Faroe Islands",
            "code": "fo"
        },
        {
            "name": "Fiji",
            "code": "fj"
        },
        {
            "name": "Finland",
            "code": "fi"
        },
        {
            "name": "France",
            "code": "fr"
        },
        {
            "name": "French Guiana",
            "code": "gf"
        },
        {
            "name": "French Polynesia",
            "code": "pf"
        },
        {
            "name": "French Southern Territories",
            "code": "tf"
        },
        {
            "name": "Gabon",
            "code": "ga"
        },
        {
            "name": "Gambia",
            "code": "gm"
        },
        {
            "name": "Georgia",
            "code": "ge"
        },
        {
            "name": "Germany",
            "code": "de"
        },
        {
            "name": "Ghana",
            "code": "gh"
        },
        {
            "name": "Gibraltar",
            "code": "gi"
        },
        {
            "name": "Greece",
            "code": "gr"
        },
        {
            "name": "Greenland",
            "code": "gl"
        },
        {
            "name": "Grenada",
            "code": "gd"
        },
        {
            "name": "Guadeloupe",
            "code": "gp"
        },
        {
            "name": "Guam",
            "code": "gu"
        },
        {
            "name": "Guatemala",
            "code": "gt"
        },
        {
            "name": "Guernsey",
            "code": "gg"
        },
        {
            "name": "Guinea",
            "code": "gn"
        },
        {
            "name": "Guinea-Bissau",
            "code": "gw"
        },
        {
            "name": "Guyana",
            "code": "gy"
        },
        {
            "name": "Haiti",
            "code": "ht"
        },
        {
            "name": "Heard and Mcdonald Islands",
            "code": "hm"
        },
        {
            "name": "Holy See (Vatican City State)",
            "code": "va"
        },
        {
            "name": "Honduras",
            "code": "hn"
        },
        {
            "name": "Hungary",
            "code": "hu"
        },
        {
            "name": "Iceland",
            "code": "is"
        },
        {
            "name": "India",
            "code": "in"
        },
        {
            "name": "Indonesia",
            "code": "id"
        },
        {
            "name": "Iran, Islamic Republic of",
            "code": "ir"
        },
        {
            "name": "Iraq",
            "code": "iq"
        },
        {
            "name": "Ireland",
            "code": "ie"
        },
        {
            "name": "Isle of Man",
            "code": "im"
        },
        {
            "name": "Israel",
            "code": "il"
        },
        {
            "name": "Italy",
            "code": "it"
        },
        {
            "name": "Jamaica",
            "code": "jm"
        },
        {
            "name": "Japan",
            "code": "jp"
        },
        {
            "name": "Jersey",
            "code": "je"
        },
        {
            "name": "Jordan",
            "code": "jo"
        },
        {
            "name": "Kazakhstan",
            "code": "kz"
        },
        {
            "name": "Kenya",
            "code": "ke"
        },
        {
            "name": "Kiribati",
            "code": "ki"
        },
        {
            "name": "Korea (North)",
            "code": "kp"
        },
        {
            "name": "Korea (South)",
            "code": "kr"
        },
        {
            "name": "Kuwait",
            "code": "kw"
        },
        {
            "name": "Kyrgyzstan",
            "code": "kg"
        },
        {
            "name": "Lao PDR",
            "code": "la"
        },
        {
            "name": "Latvia",
            "code": "lv"
        },
        {
            "name": "Lebanon",
            "code": "lb"
        },
        {
            "name": "Lesotho",
            "code": "ls"
        },
        {
            "name": "Liberia",
            "code": "lr"
        },
        {
            "name": "Libya",
            "code": "ly"
        },
        {
            "name": "Liechtenstein",
            "code": "li"
        },
        {
            "name": "Lithuania",
            "code": "lt"
        },
        {
            "name": "Luxembourg",
            "code": "lu"
        },
        {
            "name": "Macedonia, Republic of",
            "code": "mk"
        },
        {
            "name": "Madagascar",
            "code": "mg"
        },
        {
            "name": "Malawi",
            "code": "mw"
        },
        {
            "name": "Malaysia",
            "code": "my"
        },
        {
            "name": "Maldives",
            "code": "mv"
        },
        {
            "name": "Mali",
            "code": "ml"
        },
        {
            "name": "Malta",
            "code": "mt"
        },
        {
            "name": "Marshall Islands",
            "code": "mh"
        },
        {
            "name": "Martinique",
            "code": "mq"
        },
        {
            "name": "Mauritania",
            "code": "mr"
        },
        {
            "name": "Mauritius",
            "code": "mu"
        },
        {
            "name": "Mayotte",
            "code": "yt"
        },
        {
            "name": "Mexico",
            "code": "mx"
        },
        {
            "name": "Micronesia, Federated States of",
            "code": "fm"
        },
        {
            "name": "Moldova",
            "code": "md"
        },
        {
            "name": "Monaco",
            "code": "mc"
        },
        {
            "name": "Mongolia",
            "code": "mn"
        },
        {
            "name": "Montenegro",
            "code": "me"
        },
        {
            "name": "Montserrat",
            "code": "ms"
        },
        {
            "name": "Morocco",
            "code": "ma"
        },
        {
            "name": "Mozambique",
            "code": "mz"
        },
        {
            "name": "Myanmar",
            "code": "mm"
        },
        {
            "name": "Namibia",
            "code": "na"
        },
        {
            "name": "Nauru",
            "code": "nr"
        },
        {
            "name": "Nepal",
            "code": "np"
        },
        {
            "name": "Netherlands",
            "code": "nl"
        },
        {
            "name": "Netherlands Antilles",
            "code": "an"
        },
        {
            "name": "New Caledonia",
            "code": "nc"
        },
        {
            "name": "New Zealand",
            "code": "nz"
        },
        {
            "name": "Nicaragua",
            "code": "ni"
        },
        {
            "name": "Niger",
            "code": "ne"
        },
        {
            "name": "Nigeria",
            "code": "ng"
        },
        {
            "name": "Niue",
            "code": "nu"
        },
        {
            "name": "Norfolk Island",
            "code": "nf"
        },
        {
            "name": "Northern Mariana Islands",
            "code": "mp"
        },
        {
            "name": "Norway",
            "code": "no"
        },
        {
            "name": "Oman",
            "code": "om"
        },
        {
            "name": "Pakistan",
            "code": "pk"
        },
        {
            "name": "Palau",
            "code": "pw"
        },
        {
            "name": "Palestinian Territory",
            "code": "ps"
        },
        {
            "name": "Panama",
            "code": "pa"
        },
        {
            "name": "Papua New Guinea",
            "code": "pg"
        },
        {
            "name": "Paraguay",
            "code": "py"
        },
        {
            "name": "Peru",
            "code": "pe"
        },
        {
            "name": "Philippines",
            "code": "ph"
        },
        {
            "name": "Pitcairn",
            "code": "pn"
        },
        {
            "name": "Poland",
            "code": "pl"
        },
        {
            "name": "Portugal",
            "code": "pt"
        },
        {
            "name": "Puerto Rico",
            "code": "pr"
        },
        {
            "name": "Qatar",
            "code": "qa"
        },
        {
            "name": "Réunion",
            "code": "re"
        },
        {
            "name": "Romania",
            "code": "ro"
        },
        {
            "name": "Russian Federation",
            "code": "ru"
        },
        {
            "name": "Rwanda",
            "code": "rw"
        },
        {
            "name": "Saint-Barthélemy",
            "code": "bl"
        },
        {
            "name": "Saint Helena",
            "code": "sh"
        },
        {
            "name": "Saint Kitts and Nevis",
            "code": "kn"
        },
        {
            "name": "Saint Lucia",
            "code": "lc"
        },
        {
            "name": "Saint-Martin (French part)",
            "code": "mf"
        },
        {
            "name": "Saint Pierre and Miquelon",
            "code": "pm"
        },
        {
            "name": "Saint Vincent and Grenadines",
            "code": "vc"
        },
        {
            "name": "Samoa",
            "code": "ws"
        },
        {
            "name": "San Marino",
            "code": "sm"
        },
        {
            "name": "Sao Tome and Principe",
            "code": "st"
        },
        {
            "name": "Saudi Arabia",
            "code": "sa"
        },
        {
            "name": "Senegal",
            "code": "sn"
        },
        {
            "name": "Serbia",
            "code": "rs"
        },
        {
            "name": "Seychelles",
            "code": "sc"
        },
        {
            "name": "Sierra Leone",
            "code": "sl"
        },
        {
            "name": "Singapore",
            "code": "sg"
        },
        {
            "name": "Slovakia",
            "code": "sk"
        },
        {
            "name": "Slovenia",
            "code": "si"
        },
        {
            "name": "Solomon Islands",
            "code": "sb"
        },
        {
            "name": "Somalia",
            "code": "so"
        },
        {
            "name": "South Africa",
            "code": "za"
        },
        {
            "name": "South Georgia and the South Sandwich Islands",
            "code": "gs"
        },
        {
            "name": "South Sudan",
            "code": "ss"
        },
        {
            "name": "Spain",
            "code": "es"
        },
        {
            "name": "Sri Lanka",
            "code": "lk"
        },
        {
            "name": "Sudan",
            "code": "sd"
        },
        {
            "name": "Suriname",
            "code": "sr"
        },
        {
            "name": "Svalbard and Jan Mayen Islands",
            "code": "sj"
        },
        {
            "name": "Swaziland",
            "code": "sz"
        },
        {
            "name": "Sweden",
            "code": "se"
        },
        {
            "name": "Switzerland",
            "code": "ch"
        },
        {
            "name": "Syrian Arab Republic (Syria)",
            "code": "sy"
        },
        {
            "name": "Taiwan, Republic of China",
            "code": "tw"
        },
        {
            "name": "Tajikistan",
            "code": "tj"
        },
        {
            "name": "Tanzania, United Republic of",
            "code": "tz"
        },
        {
            "name": "Thailand",
            "code": "th"
        },
        {
            "name": "Timor-Leste",
            "code": "tl"
        },
        {
            "name": "Togo",
            "code": "tg"
        },
        {
            "name": "Tokelau",
            "code": "tk"
        },
        {
            "name": "Tonga",
            "code": "to"
        },
        {
            "name": "Trinidad and Tobago",
            "code": "tt"
        },
        {
            "name": "Tunisia",
            "code": "tn"
        },
        {
            "name": "Turkey",
            "code": "tr"
        },
        {
            "name": "Turkmenistan",
            "code": "tm"
        },
        {
            "name": "Turks and Caicos Islands",
            "code": "tc"
        },
        {
            "name": "Tuvalu",
            "code": "tv"
        },
        {
            "name": "Uganda",
            "code": "ug"
        },
        {
            "name": "Ukraine",
            "code": "ua"
        },
        {
            "name": "United Arab Emirates",
            "code": "ae"
        },
        {
            "name": "United Kingdom",
            "code": "gb"
        },
        {
            "name": "United States of America",
            "code": "us"
        },
        {
            "name": "US Minor Outlying Islands",
            "code": "um"
        },
        {
            "name": "Uruguay",
            "code": "uy"
        },
        {
            "name": "Uzbekistan",
            "code": "uz"
        },
        {
            "name": "Vanuatu",
            "code": "vu"
        },
        {
            "name": "Venezuela (Bolivarian Republic)",
            "code": "ve"
        },
        {
            "name": "Viet Nam",
            "code": "vn"
        },
        {
            "name": "Virgin Islands, US",
            "code": "vi"
        },
        {
            "name": "Wallis and Futuna Islands",
            "code": "wf"
        },
        {
            "name": "Western Sahara",
            "code": "eh"
        },
        {
            "name": "Yemen",
            "code": "ye"
        },
        {
            "name": "Zambia",
            "code": "zm"
        },
        {
            "name": "Zimbabwe",
            "code": "zw"
        }
    ],
    "lang": [
        {
            "name": "abkhazian",
            "code": "ab"
        },
        {
            "name": "Afar",
            "code": "aa"
        },
        {
            "name": "Afrikaans",
            "code": "af"
        },
        {
            "name": "Akan",
            "code": "ak"
        },
        {
            "name": "Albanian",
            "code": "sq"
        },
        {
            "name": "Amharic",
            "code": "am"
        },
        {
            "name": "Arabic",
            "code": "ar"
        },
        {
            "name": "Aragonese",
            "code": "an"
        },
        {
            "name": "Armenian",
            "code": "hy"
        },
        {
            "name": "Assamese",
            "code": "as"
        },
        {
            "name": "Avaric",
            "code": "av"
        },
        {
            "name": "Avestan",
            "code": "ae"
        },
        {
            "name": "Aymara",
            "code": "ay"
        },
        {
            "name": "Azerbaijani",
            "code": "az"
        },
        {
            "name": "Bambara",
            "code": "bm"
        },
        {
            "name": "Bashkir",
            "code": "ba"
        },
        {
            "name": "Basque",
            "code": "eu"
        },
        {
            "name": "Belarusian",
            "code": "be"
        },
        {
            "name": "Bengali",
            "code": "bn"
        },
        {
            "name": "Bihari languages",
            "code": "bh"
        },
        {
            "name": "Bislama",
            "code": "bi"
        },
        {
            "name": "Bosnian",
            "code": "bs"
        },
        {
            "name": "Breton",
            "code": "br"
        },
        {
            "name": "Bulgarian",
            "code": "bg"
        },
        {
            "name": "Burmese",
            "code": "my"
        },
        {
            "name": "Catalan, Valencian",
            "code": "ca"
        },
        {
            "name": "Chamorro",
            "code": "ch"
        },
        {
            "name": "Chechen",
            "code": "ce"
        },
        {
            "name": "Chichewa, Chewa, Nyanja",
            "code": "ny"
        },
        {
            "name": "Chinese",
            "code": "zh"
        },
        {
            "name": "Chuvash",
            "code": "cv"
        },
        {
            "name": "Cornish",
            "code": "kw"
        },
        {
            "name": "Corsican",
            "code": "co"
        },
        {
            "name": "Cree",
            "code": "cr"
        },
        {
            "name": "Croatian",
            "code": "hr"
        },
        {
            "name": "Czech",
            "code": "cs"
        },
        {
            "name": "Danish",
            "code": "da"
        },
        {
            "name": "Divehi, Dhivehi, Maldivian",
            "code": "dv"
        },
        {
            "name": "Dutch, Flemish",
            "code": "nl"
        },
        {
            "name": "Dzongkha",
            "code": "dz"
        },
        {
            "name": "English",
            "code": "en"
        },
        {
            "name": "Esperanto",
            "code": "eo"
        },
        {
            "name": "Estonian",
            "code": "et"
        },
        {
            "name": "Ewe",
            "code": "ee"
        },
        {
            "name": "Faroese",
            "code": "fo"
        },
        {
            "name": "Fijian",
            "code": "fj"
        },
        {
            "name": "Finnish",
            "code": "fi"
        },
        {
            "name": "French",
            "code": "fr"
        },
        {
            "name": "Fulah",
            "code": "ff"
        },
        {
            "name": "Galician",
            "code": "gl"
        },
        {
            "name": "Georgian",
            "code": "ka"
        },
        {
            "name": "German",
            "code": "de"
        },
        {
            "name": "Greek (modern)",
            "code": "el"
        },
        {
            "name": "Guaraní",
            "code": "gn"
        },
        {
            "name": "Gujarati",
            "code": "gu"
        },
        {
            "name": "Haitian, Haitian Creole",
            "code": "ht"
        },
        {
            "name": "Hausa",
            "code": "ha"
        },
        {
            "name": "Hebrew (modern)",
            "code": "he"
        },
        {
            "name": "Herero",
            "code": "hz"
        },
        {
            "name": "Hindi",
            "code": "hi"
        },
        {
            "name": "Hiri Motu",
            "code": "ho"
        },
        {
            "name": "Hungarian",
            "code": "hu"
        },
        {
            "name": "Interlingua",
            "code": "ia"
        },
        {
            "name": "Indonesian",
            "code": "id"
        },
        {
            "name": "Interlingue",
            "code": "ie"
        },
        {
            "name": "Irish",
            "code": "ga"
        },
        {
            "name": "Igbo",
            "code": "ig"
        },
        {
            "name": "Inupiaq",
            "code": "ik"
        },
        {
            "name": "Ido",
            "code": "io"
        },
        {
            "name": "Icelandic",
            "code": "is"
        },
        {
            "name": "Italian",
            "code": "it"
        },
        {
            "name": "Inuktitut",
            "code": "iu"
        },
        {
            "name": "Japanese",
            "code": "ja"
        },
        {
            "name": "Javanese",
            "code": "jv"
        },
        {
            "name": "Kalaallisut, Greenlandic",
            "code": "kl"
        },
        {
            "name": "Kannada",
            "code": "kn"
        },
        {
            "name": "Kanuri",
            "code": "kr"
        },
        {
            "name": "Kashmiri",
            "code": "ks"
        },
        {
            "name": "Kazakh",
            "code": "kk"
        },
        {
            "name": "Central Khmer",
            "code": "km"
        },
        {
            "name": "Kikuyu, Gikuyu",
            "code": "ki"
        },
        {
            "name": "Kinyarwanda",
            "code": "rw"
        },
        {
            "name": "Kirghiz, Kyrgyz",
            "code": "ky"
        },
        {
            "name": "Komi",
            "code": "kv"
        },
        {
            "name": "Kongo",
            "code": "kg"
        },
        {
            "name": "Korean",
            "code": "ko"
        },
        {
            "name": "Kurdish",
            "code": "ku"
        },
        {
            "name": "Kuanyama, Kwanyama",
            "code": "kj"
        },
        {
            "name": "Latin",
            "code": "la"
        },
        {
            "name": "Luxembourgish, Letzeburgesch",
            "code": "lb"
        },
        {
            "name": "Ganda",
            "code": "lg"
        },
        {
            "name": "Limburgan, Limburger, Limburgish",
            "code": "li"
        },
        {
            "name": "Lingala",
            "code": "ln"
        },
        {
            "name": "Lao",
            "code": "lo"
        },
        {
            "name": "Lithuanian",
            "code": "lt"
        },
        {
            "name": "Luba-Katanga",
            "code": "lu"
        },
        {
            "name": "Latvian",
            "code": "lv"
        },
        {
            "name": "Manx",
            "code": "gv"
        },
        {
            "name": "Macedonian",
            "code": "mk"
        },
        {
            "name": "Malagasy",
            "code": "mg"
        },
        {
            "name": "Malay",
            "code": "ms"
        },
        {
            "name": "Malayalam",
            "code": "ml"
        },
        {
            "name": "Maltese",
            "code": "mt"
        },
        {
            "name": "Maori",
            "code": "mi"
        },
        {
            "name": "Marathi",
            "code": "mr"
        },
        {
            "name": "Marshallese",
            "code": "mh"
        },
        {
            "name": "Mongolian",
            "code": "mn"
        },
        {
            "name": "Nauru",
            "code": "na"
        },
        {
            "name": "Navajo, Navaho",
            "code": "nv"
        },
        {
            "name": "North Ndebele",
            "code": "nd"
        },
        {
            "name": "Nepali",
            "code": "ne"
        },
        {
            "name": "Ndonga",
            "code": "ng"
        },
        {
            "name": "Norwegian Bokmål",
            "code": "nb"
        },
        {
            "name": "Norwegian Nynorsk",
            "code": "nn"
        },
        {
            "name": "Norwegian",
            "code": "no"
        },
        {
            "name": "Sichuan Yi, Nuosu",
            "code": "ii"
        },
        {
            "name": "South Ndebele",
            "code": "nr"
        },
        {
            "name": "Occitan",
            "code": "oc"
        },
        {
            "name": "Ojibwa",
            "code": "oj"
        },
        {
            "name": "Church Slavic, Church Slavonic, Old Church Slavonic, Old Slavonic, Old Bulgarian",
            "code": "cu"
        },
        {
            "name": "Oromo",
            "code": "om"
        },
        {
            "name": "Oriya",
            "code": "or"
        },
        {
            "name": "Ossetian, Ossetic",
            "code": "os"
        },
        {
            "name": "Panjabi, Punjabi",
            "code": "pa"
        },
        {
            "name": "Pali",
            "code": "pi"
        },
        {
            "name": "Persian",
            "code": "fa"
        },
        {
            "name": "Polish",
            "code": "pl"
        },
        {
            "name": "Pashto, Pushto",
            "code": "ps"
        },
        {
            "name": "Portuguese",
            "code": "pt"
        },
        {
            "name": "Quechua",
            "code": "qu"
        },
        {
            "name": "Romansh",
            "code": "rm"
        },
        {
            "name": "Rundi",
            "code": "rn"
        },
        {
            "name": "Romanian, Moldavian, Moldovan",
            "code": "ro"
        },
        {
            "name": "Russian",
            "code": "ru"
        },
        {
            "name": "Sanskrit",
            "code": "sa"
        },
        {
            "name": "Sardinian",
            "code": "sc"
        },
        {
            "name": "Sindhi",
            "code": "sd"
        },
        {
            "name": "Northern Sami",
            "code": "se"
        },
        {
            "name": "Samoan",
            "code": "sm"
        },
        {
            "name": "Sango",
            "code": "sg"
        },
        {
            "name": "Serbian",
            "code": "sr"
        },
        {
            "name": "Gaelic, Scottish Gaelic",
            "code": "gd"
        },
        {
            "name": "Shona",
            "code": "sn"
        },
        {
            "name": "Sinhala, Sinhalese",
            "code": "si"
        },
        {
            "name": "Slovak",
            "code": "sk"
        },
        {
            "name": "Slovene",
            "code": "sl"
        },
        {
            "name": "Somali",
            "code": "so"
        },
        {
            "name": "Southern Sotho",
            "code": "st"
        },
        {
            "name": "Spanish, Castilian",
            "code": "es"
        },
        {
            "name": "Sundanese",
            "code": "su"
        },
        {
            "name": "Swahili",
            "code": "sw"
        },
        {
            "name": "Swati",
            "code": "ss"
        },
        {
            "name": "Swedish",
            "code": "sv"
        },
        {
            "name": "Tamil",
            "code": "ta"
        },
        {
            "name": "Telugu",
            "code": "te"
        },
        {
            "name": "Tajik",
            "code": "tg"
        },
        {
            "name": "Thai",
            "code": "th"
        },
        {
            "name": "Tigrinya",
            "code": "ti"
        },
        {
            "name": "Tibetan",
            "code": "bo"
        },
        {
            "name": "Turkmen",
            "code": "tk"
        },
        {
            "name": "Tagalog",
            "code": "tl"
        },
        {
            "name": "Tswana",
            "code": "tn"
        },
        {
            "name": "Tongan (Tonga Islands)",
            "code": "to"
        },
        {
            "name": "Turkish",
            "code": "tr"
        },
        {
            "name": "Tsonga",
            "code": "ts"
        },
        {
            "name": "Tatar",
            "code": "tt"
        },
        {
            "name": "Twi",
            "code": "tw"
        },
        {
            "name": "Tahitian",
            "code": "ty"
        },
        {
            "name": "Uighur, Uyghur",
            "code": "ug"
        },
        {
            "name": "Ukrainian",
            "code": "uk"
        },
        {
            "name": "Urdu",
            "code": "ur"
        },
        {
            "name": "Uzbek",
            "code": "uz"
        },
        {
            "name": "Venda",
            "code": "ve"
        },
        {
            "name": "Vietnamese",
            "code": "vi"
        },
        {
            "name": "Volapük",
            "code": "vo"
        },
        {
            "name": "Walloon",
            "code": "wa"
        },
        {
            "name": "Welsh",
            "code": "cy"
        },
        {
            "name": "Wolof",
            "code": "wo"
        },
        {
            "name": "Western Frisian",
            "code": "fy"
        },
        {
            "name": "Xhosa",
            "code": "xh"
        },
        {
            "name": "Yiddish",
            "code": "yi"
        },
        {
            "name": "Yoruba",
            "code": "yo"
        },
        {
            "name": "Zhuang, Chuang",
            "code": "za"
        },
        {
            "name": "Zulu",
            "code": "zu"
        }
    ]
}